{"cameraMode":{"drawMode":0,"name":"Shaded","section":"Shading Mode"},"sceneLighting":false,"audioPlay":false,"sceneViewState":{"m_AlwaysRefresh":true,"showFog":true,"showSkybox":false,"showFlares":true,"showImageEffects":true,"showParticleSystems":true,"showVisualEffectGraphs":true,"m_FxEnabled":true},"in2DMode":false,"pivot":{"x":-1.454135775566101,"y":-0.019999980926513673,"z":7.365557670593262},"rotation":{"x":0.0005498305545188487,"y":0.9994250535964966,"z":-0.02699120342731476,"w":0.020388660952448846},"size":3.67313814163208,"orthographic":true}