{"cameraMode":{"drawMode":0,"name":"Shaded","section":"Shading Mode"},"sceneLighting":false,"audioPlay":false,"sceneViewState":{"m_AlwaysRefresh":true,"showFog":true,"showSkybox":false,"showFlares":true,"showImageEffects":true,"showParticleSystems":true,"showVisualEffectGraphs":true,"m_FxEnabled":true},"in2DMode":false,"pivot":{"x":-0.12775039672851563,"y":1.7296686172485352,"z":-3.4635772705078127},"rotation":{"x":0.11808941513299942,"y":-0.6224674582481384,"z":0.09494785219430924,"w":0.7680038213729858},"size":4.109616279602051,"orthographic":true}