{"cameraMode":{"drawMode":0,"name":"Shaded","section":"Shading Mode"},"sceneLighting":false,"audioPlay":false,"sceneViewState":{"m_AlwaysRefresh":true,"showFog":true,"showSkybox":false,"showFlares":true,"showImageEffects":true,"showParticleSystems":true,"showVisualEffectGraphs":true,"m_FxEnabled":true},"in2DMode":false,"pivot":{"x":0.08113539218902588,"y":-0.13308179378509522,"z":0.6974456310272217},"rotation":{"x":-0.24812214076519013,"y":-0.02266748622059822,"z":0.0058142514899373058,"w":-0.9684524536132813},"size":1.2641170024871827,"orthographic":false}