{"cameraMode":{"drawMode":0,"name":"Shaded","section":"Shading Mode"},"sceneLighting":false,"audioPlay":false,"sceneViewState":{"m_AlwaysRefresh":true,"showFog":true,"showSkybox":false,"showFlares":true,"showImageEffects":true,"showParticleSystems":true,"showVisualEffectGraphs":true,"m_FxEnabled":true},"in2DMode":false,"pivot":{"x":1.210719347000122e-8,"y":0.0684283971786499,"z":-0.06170264258980751},"rotation":{"x":-0.1541851907968521,"y":-0.009784736670553685,"z":0.0015275313053280116,"w":-0.9879958033561707},"size":0.013822594657540322,"orthographic":false}